algorithm,level,input_bytes,compressed_bytes,compression_ratio,savings_percent,mean_ms,median_ms,stddev_ms,min_ms,max_ms,user_ms,system_ms,input_file
gzip,1,32768,1133,28.9214,96.54,7.698,7.636,0.649,6.377,13.644,0.607,0.794,index.html
gzip,2,32768,1134,28.8959,96.54,8.142,7.654,7.040,6.282,145.561,0.633,0.840,index.html
gzip,3,32768,1134,28.8959,96.54,7.657,7.640,0.469,6.566,9.727,0.609,0.791,index.html
gzip,4,32768,1120,29.2571,96.58,7.605,7.589,0.479,6.259,9.567,0.612,0.812,index.html
gzip,5,32768,1120,29.2571,96.58,8.241,7.650,9.315,6.317,193.806,0.641,0.854,index.html
gzip,6,32768,1120,29.2571,96.58,7.517,7.531,0.444,6.559,9.529,0.592,0.775,index.html
gzip,7,32768,1120,29.2571,96.58,7.671,7.604,0.511,6.788,9.904,0.638,0.847,index.html
gzip,8,32768,1116,29.3620,96.59,7.774,7.732,0.441,6.230,9.931,0.624,0.824,index.html
gzip,9,32768,1116,29.3620,96.59,7.681,7.650,0.479,6.472,10.062,0.614,0.810,index.html
brotli,1,32768,820,39.9610,97.50,7.228,6.848,6.639,6.248,146.916,0.875,1.152,index.html
brotli,2,32768,721,45.4480,97.80,7.110,6.799,4.633,6.040,103.116,0.865,1.146,index.html
brotli,3,32768,691,47.4211,97.89,6.870,6.812,0.356,6.135,9.725,0.853,1.123,index.html
brotli,4,32768,633,51.7662,98.07,6.996,6.826,1.069,6.267,20.768,0.877,1.162,index.html
brotli,5,32768,606,54.0726,98.15,6.899,6.838,0.376,6.176,9.280,0.870,1.154,index.html
brotli,6,32768,606,54.0726,98.15,6.932,6.877,0.362,6.010,9.392,0.881,1.167,index.html
brotli,7,32768,606,54.0726,98.15,6.953,6.913,0.350,5.926,9.083,0.885,1.174,index.html
brotli,8,32768,606,54.0726,98.15,7.751,6.918,9.014,6.168,133.342,0.895,1.179,index.html
brotli,9,32768,606,54.0726,98.15,6.967,6.901,0.412,5.952,9.857,0.883,1.174,index.html
brotli,10,32768,598,54.7960,98.18,6.945,6.907,0.312,6.134,8.757,0.879,1.159,index.html
brotli,11,32768,658,49.7994,97.99,7.377,6.909,7.847,6.220,163.034,0.892,1.174,index.html
zstd,1,32768,721,45.4480,97.80,7.720,7.207,8.742,6.286,180.823,1.161,1.263,index.html
zstd,2,32768,727,45.0729,97.78,7.274,7.214,0.405,6.563,10.385,1.136,1.229,index.html
zstd,3,32768,702,46.6781,97.86,7.994,7.234,7.056,6.464,129.046,1.159,1.263,index.html
zstd,4,32768,708,46.2825,97.84,7.353,7.193,1.831,6.451,42.953,1.142,1.247,index.html
zstd,5,32768,708,46.2825,97.84,7.553,7.126,6.858,6.524,144.849,1.136,1.230,index.html
zstd,6,32768,708,46.2825,97.84,7.276,7.224,0.389,6.408,9.829,1.136,1.240,index.html
zstd,7,32768,745,43.9839,97.73,7.968,7.205,8.783,6.471,168.385,1.173,1.281,index.html
zstd,8,32768,745,43.9839,97.73,7.172,7.097,0.424,6.285,10.255,1.128,1.225,index.html
zstd,9,32768,745,43.9839,97.73,7.324,7.262,0.379,6.458,10.629,1.141,1.240,index.html
zstd,10,32768,745,43.9839,97.73,7.704,7.237,6.670,6.504,137.531,1.160,1.264,index.html
zstd,11,32768,743,44.1023,97.73,7.708,7.257,6.800,6.434,142.641,1.149,1.250,index.html
zstd,12,32768,743,44.1023,97.73,10.404,7.518,15.759,6.747,95.260,1.207,1.305,index.html
zstd,13,32768,691,47.4211,97.89,8.182,7.298,10.797,6.553,181.930,1.171,1.278,index.html
zstd,14,32768,691,47.4211,97.89,7.513,7.168,5.213,6.529,114.508,1.140,1.234,index.html
zstd,15,32768,730,44.8877,97.77,7.927,7.276,7.202,6.250,134.345,1.174,1.293,index.html
zstd,16,32768,717,45.7015,97.81,7.311,7.275,0.358,6.646,8.810,1.146,1.258,index.html
zstd,17,32768,717,45.7015,97.81,7.870,7.271,6.640,6.645,128.213,1.149,1.253,index.html
zstd,18,32768,717,45.7015,97.81,7.476,7.229,3.116,6.476,71.417,1.141,1.252,index.html
zstd,19,32768,780,42.0103,97.62,8.382,7.262,14.422,6.503,228.051,1.177,1.307,index.html
dcb,1,32768,820,39.9610,97.50,7.152,7.079,0.377,6.074,9.682,0.897,1.227,index.html
dcb,2,32768,722,45.3850,97.80,7.182,7.108,0.518,6.115,15.362,0.888,1.216,index.html
dcb,3,32768,691,47.4211,97.89,7.168,7.110,0.340,6.423,9.010,0.888,1.217,index.html
dcb,4,32768,635,51.6031,98.06,7.113,7.051,0.361,6.423,9.696,0.884,1.219,index.html
dcb,5,32768,94,348.5957,99.71,7.227,7.113,1.422,6.130,35.023,0.888,1.230,index.html
dcb,6,32768,94,348.5957,99.71,8.217,7.217,12.220,6.655,231.224,0.912,1.276,index.html
dcb,7,32768,94,348.5957,99.71,7.419,7.094,4.635,6.321,99.779,0.901,1.255,index.html
dcb,8,32768,94,348.5957,99.71,7.205,7.168,0.338,6.187,9.538,0.889,1.234,index.html
dcb,9,32768,94,348.5957,99.71,7.228,7.095,1.063,6.150,20.488,0.887,1.236,index.html
dcb,10,32768,87,376.6437,99.73,7.717,7.153,9.581,6.311,204.249,0.902,1.263,index.html
dcb,11,32768,97,337.8144,99.70,7.142,7.079,0.359,6.315,10.093,0.879,1.212,index.html
dcz,1,32768,617,53.1086,98.12,7.502,7.424,0.392,6.749,10.191,1.160,1.296,index.html
dcz,2,32768,619,52.9370,98.11,7.497,7.434,0.397,6.665,10.116,1.161,1.297,index.html
dcz,3,32768,805,40.7056,97.54,7.666,7.475,2.688,6.713,60.067,1.164,1.295,index.html
dcz,4,32768,593,55.2580,98.19,7.517,7.471,0.383,6.524,10.172,1.162,1.301,index.html
dcz,5,32768,511,64.1252,98.44,7.475,7.418,0.413,6.435,10.203,1.167,1.301,index.html
dcz,6,32768,545,60.1248,98.34,8.006,7.494,8.624,6.690,175.511,1.192,1.329,index.html
dcz,7,32768,546,60.0147,98.33,7.859,7.448,5.128,6.579,104.847,1.173,1.315,index.html
dcz,8,32768,547,59.9049,98.33,7.486,7.434,0.490,6.515,11.059,1.171,1.315,index.html
dcz,9,32768,549,59.6867,98.32,7.743,7.420,3.869,6.651,81.122,1.167,1.309,index.html
dcz,10,32768,549,59.6867,98.32,7.537,7.445,0.701,6.766,19.332,1.161,1.295,index.html
dcz,11,32768,502,65.2749,98.47,7.466,7.403,0.361,6.570,10.113,1.155,1.284,index.html
dcz,12,32768,493,66.4665,98.50,7.951,7.446,6.942,6.611,118.000,1.172,1.302,index.html
dcz,13,32768,496,66.0645,98.49,7.588,7.430,2.104,6.469,48.311,1.164,1.298,index.html
dcz,14,32768,494,66.3320,98.49,7.691,7.459,3.590,6.709,78.531,1.167,1.302,index.html
dcz,15,32768,542,60.4576,98.35,8.494,7.453,11.870,6.438,173.195,1.187,1.333,index.html
dcz,16,32768,496,66.0645,98.49,7.979,7.427,7.230,6.506,142.089,1.178,1.311,index.html
dcz,17,32768,542,60.4576,98.35,7.780,7.450,5.376,6.534,113.862,1.169,1.302,index.html
dcz,18,32768,542,60.4576,98.35,7.406,7.352,0.516,6.444,12.240,1.175,1.312,index.html
dcz,19,32768,542,60.4576,98.35,7.934,7.472,7.582,6.535,156.182,1.181,1.325,index.html
